{"cameraMode":{"drawMode":0,"name":"Shaded","section":"Shading Mode"},"sceneLighting":true,"audioPlay":false,"sceneViewState":{"m_AlwaysRefresh":false,"showFog":true,"showSkybox":true,"showFlares":true,"showImageEffects":true,"showParticleSystems":true,"showVisualEffectGraphs":true,"m_FxEnabled":true},"in2DMode":false,"pivot":{"x":1.6225367784500123,"y":0.05606794357299805,"z":-12.654393196105957},"rotation":{"x":-0.0013334797695279122,"y":0.9826694130897522,"z":-0.18522889912128449,"w":-0.007074347697198391},"size":5.315801620483398,"orthographic":false}